customer_id,name,gender,age,city,signup_date
1,오준수,남성,24,고양,2026-03-08
2,전서희,여성,27,고양,2025-03-09
3,권재윤,여성,45,서울,2024-08-12
4,송현진,여성,52,서울,2024-11-18
5,김준수,여성,64,서울,2024-06-24
6,송은아,여성,35,울산,2024-07-30
7,황윤희,남성,40,부산,2026-04-27
8,황서우,남성,32,수원,2025-04-06
9,권재진,남성,54,서울,2024-11-11
10,윤예진,남성,46,서울,2025-04-28
11,송수호,여성,40,수원,2026-01-12
12,강준준,여성,56,서울,2024-07-14
13,안예연,남성,31,부산,2025-09-24
14,최수희,남성,47,성남,2024-11-05
15,오영수,남성,58,대구,2024-07-04
16,한주연,여성,32,성남,2024-02-20
17,김서빈,남성,37,수원,2025-06-26
18,박영준,여성,64,성남,2024-02-05
19,윤성서,여성,26,용인,2024-04-10
20,권태윤,남성,34,수원,2025-11-26
21,황유민,여성,32,용인,2024-11-03
22,정민연,남성,57,서울,2024-03-29
23,송준윤,남성,39,광주,2025-12-17
24,장주영,여성,18,서울,2025-04-19
25,신다현,여성,39,인천,2026-04-23
26,오성준,남성,46,부산,2024-10-02
27,송영린,남성,20,서울,2025-02-24
28,황하아,남성,51,부산,2025-07-28
29,서영아,남성,44,인천,2024-09-06
30,한성희,남성,53,수원,2025-10-28
31,윤태원,여성,29,대구,2025-09-03
32,이현민,여성,41,서울,2024-12-05
33,신다진,남성,37,광주,2025-06-16
34,황하민,남성,29,광주,2025-09-01
35,안은아,여성,32,성남,2026-05-12
36,장윤준,여성,33,성남,2025-04-25
37,정서현,여성,21,서울,2024-07-27
38,강지원,남성,23,인천,2026-05-27
39,박서아,남성,33,서울,2024-12-17
40,오서우,여성,38,서울,2025-12-31
41,최채윤,여성,23,대구,2026-05-20
42,송하서,남성,37,창원,2025-06-16
43,김지민,여성,69,부산,2024-08-02
44,조지수,남성,34,창원,2025-09-15
45,신지진,남성,41,수원,2025-03-07
46,송태아,여성,18,서울,2025-04-28
47,장수연,여성,44,서울,2026-05-06
48,박서빈,남성,39,용인,2026-03-12
49,안재현,여성,23,창원,2025-02-08
50,오성서,여성,41,창원,2026-05-21
51,한유연,남성,40,인천,2026-05-03
52,안예빈,여성,35,서울,2026-02-26
53,송준민,남성,41,성남,2025-04-30
54,이주미,남성,28,광주,2025-03-18
55,박주영,남성,30,광주,2025-10-17
56,홍정진,남성,28,성남,2024-06-30
57,오정윤,남성,24,서울,2024-03-08
58,정영희,남성,49,광주,2024-03-02
59,황지민,여성,40,서울,2026-04-28
60,홍성연,남성,39,창원,2024-08-15
61,홍현미,남성,39,용인,2024-02-01
62,홍재현,여성,33,대구,2024-01-08
63,조예우,여성,48,용인,2026-04-15
64,권준희,여성,18,창원,2026-03-22
65,한현현,남성,33,창원,2024-03-01
66,황하경,여성,34,수원,2025-06-27
67,이은현,남성,18,용인,2024-03-23
68,안성린,여성,37,서울,2025-05-01
69,권서수,남성,25,수원,2024-08-21
70,송유민,여성,35,용인,2024-12-17
71,오하희,여성,27,창원,2025-08-06
72,신채민,여성,20,성남,2026-05-25
73,윤정윤,여성,44,인천,2025-01-29
74,윤도희,여성,37,서울,2025-05-06
75,홍다현,여성,49,서울,2025-10-15
76,김예아,남성,18,서울,2026-05-26
77,홍유민,여성,21,서울,2026-03-18
78,황예진,남성,40,서울,2025-09-19
79,윤채민,남성,37,부산,2025-06-12
80,장재연,남성,26,인천,2025-04-16
81,오재원,남성,46,용인,2024-04-01
82,한재연,여성,45,서울,2025-02-25
83,홍은서,남성,39,부산,2026-05-03
84,송재빈,남성,44,창원,2025-09-20
85,박재우,남성,38,인천,2025-01-13
86,안예린,여성,27,창원,2025-07-26
87,김하현,여성,39,부산,2026-05-15
88,서현우,남성,23,고양,2024-01-07
89,최현린,여성,37,서울,2024-03-10
90,최주빈,남성,42,창원,2024-01-14
91,박다아,남성,32,광주,2025-05-22
92,서유진,여성,54,인천,2024-06-17
93,신민경,남성,19,고양,2024-04-06
94,이성준,여성,35,고양,2025-04-11
95,한윤진,남성,32,고양,2025-03-22
96,강민서,남성,32,울산,2024-08-10
97,안수호,여성,38,광주,2026-05-10
98,서성현,여성,42,고양,2024-08-20
99,오윤빈,남성,36,서울,2026-05-08
100,신지수,여성,26,대구,2025-11-23
101,신서호,남성,49,서울,2026-03-15
102,황하아,남성,25,울산,2026-05-18
103,송은희,남성,33,창원,2024-08-07
104,윤성원,여성,46,서울,2024-02-04
105,황다석,남성,31,성남,2024-10-27
106,전유아,여성,53,인천,2024-10-01
107,전태린,여성,55,부산,2024-06-19
108,조도영,남성,18,부산,2026-04-03
109,정예연,남성,18,용인,2024-05-08
110,조현수,남성,42,서울,2025-07-10
111,정하현,남성,33,광주,2025-11-28
112,권태아,여성,43,인천,2026-04-16
113,오지서,남성,28,성남,2024-06-16
114,장지호,남성,33,광주,2024-06-17
115,김하진,남성,38,부산,2024-02-16
116,홍재경,남성,38,서울,2025-07-04
117,최민호,남성,46,수원,2026-01-19
118,권주서,여성,26,부산,2024-09-19
119,강수수,여성,35,수원,2025-01-31
120,전영빈,여성,47,고양,2024-11-19
121,박채현,남성,30,인천,2025-11-11
122,이정민,남성,38,고양,2024-03-10
123,정서진,여성,30,서울,2025-02-12
124,강지석,남성,28,대전,2024-09-10
125,장수진,여성,37,서울,2024-08-20
126,조태준,남성,38,부산,2025-07-09
127,한은빈,남성,36,부산,2026-01-04
128,박정진,남성,32,용인,2025-03-16
129,한서아,여성,37,수원,2025-02-23
130,이하현,남성,48,인천,2024-01-25
131,장서민,남성,29,부산,2026-01-13
132,윤재현,여성,31,부산,2025-04-17
133,윤채준,남성,31,수원,2025-09-28
134,박민수,남성,33,서울,2025-11-18
135,신수진,여성,25,대전,2024-01-28
136,전성연,여성,43,고양,2025-08-24
137,황지민,여성,43,서울,2026-01-09
138,송서민,여성,30,서울,2024-02-27
139,서정영,여성,35,서울,2026-04-05
140,박서진,여성,34,성남,2024-02-02
141,오채윤,여성,33,창원,2025-10-06
142,전서윤,여성,18,광주,2025-01-28
143,최예준,남성,26,부산,2024-12-11
144,신예원,남성,41,성남,2025-06-14
145,윤준영,여성,45,부산,2025-01-14
146,송예영,여성,35,창원,2024-07-08
147,홍영현,여성,25,수원,2025-12-29
148,한하원,남성,27,대전,2025-05-30
149,김윤원,남성,23,수원,2025-04-25
150,박현호,남성,18,대전,2025-10-09
151,윤태윤,여성,53,서울,2024-08-09
152,김재미,남성,37,창원,2026-04-22
153,신민린,남성,43,서울,2024-05-25
154,정주연,여성,28,광주,2025-12-06
155,한유미,남성,37,광주,2025-06-05
156,조채서,여성,52,광주,2024-07-15
157,최은연,여성,24,부산,2025-06-27
158,신영우,남성,31,서울,2025-08-09
159,권태윤,여성,34,인천,2025-05-18
160,최다원,남성,38,수원,2024-03-06
161,정영영,남성,39,수원,2026-05-04
162,정영아,여성,37,고양,2024-03-23
163,윤채빈,남성,30,용인,2024-03-08
164,서현린,여성,32,부산,2024-09-07
165,이윤린,남성,22,인천,2026-03-29
166,조하린,남성,30,창원,2024-07-10
167,송도호,남성,42,울산,2024-08-11
168,박수수,남성,60,고양,2024-06-14
169,송도연,여성,29,대구,2025-06-05
170,전성경,여성,21,서울,2026-03-23
171,황재영,남성,23,창원,2026-05-01
172,강채연,여성,18,성남,2025-01-31
173,황현석,여성,34,부산,2024-01-06
174,임민진,남성,20,광주,2026-04-28
175,권재희,여성,37,서울,2026-04-13
176,강주연,여성,38,용인,2024-12-08
177,권유빈,남성,18,대전,2026-03-25
178,김은연,남성,21,부산,2025-02-22
179,오성원,남성,34,서울,2026-01-04
180,송주희,남성,18,울산,2026-05-30
181,임준미,여성,20,광주,2026-02-04
182,조수윤,여성,57,성남,2026-01-16
183,권현희,남성,32,대전,2026-01-01
184,전영경,남성,36,창원,2025-10-24
185,강지수,여성,27,인천,2025-06-06
186,한윤영,여성,40,부산,2024-01-16
187,김지수,남성,34,광주,2024-07-10
188,신하윤,남성,55,고양,2024-03-20
189,최준석,여성,48,수원,2024-11-02
190,이예수,남성,36,대전,2025-04-01
191,최현윤,여성,28,수원,2024-05-02
192,박서수,남성,55,용인,2024-11-30
193,강예미,남성,30,부산,2026-05-23
194,안서진,남성,24,서울,2025-09-06
195,한예민,남성,41,서울,2026-05-14
196,서은원,여성,19,서울,2024-06-04
197,임윤우,남성,49,용인,2024-04-28
198,최수빈,여성,30,인천,2024-07-13
199,최태경,남성,28,수원,2025-03-02
200,이현준,남성,47,서울,2026-03-13
201,조성석,남성,25,부산,2026-03-01
202,윤준진,여성,18,대구,2024-05-08
203,정현경,남성,31,인천,2026-04-29
204,권영현,여성,19,서울,2025-11-30
205,임준호,남성,36,용인,2024-09-23
206,이정원,남성,41,부산,2024-02-05
207,안재연,여성,44,인천,2025-10-26
208,권태호,남성,38,용인,2024-09-24
209,최영진,남성,54,대구,2024-04-11
210,안은미,여성,21,인천,2026-04-25
211,정도미,남성,36,서울,2025-09-28
212,이영아,여성,50,수원,2024-06-17
213,한현아,남성,35,부산,2024-02-29
214,홍현현,여성,23,울산,2026-01-14
215,장수호,여성,34,인천,2024-03-08
216,오민민,여성,33,광주,2024-01-07
217,임현빈,남성,41,창원,2025-08-08
218,박지린,여성,26,대구,2024-11-28
219,박현수,남성,56,창원,2025-12-31
220,한성석,남성,42,대전,2025-04-03
221,서현윤,남성,32,서울,2024-09-11
222,홍태수,남성,36,서울,2024-10-01
223,박수원,여성,54,고양,2024-05-14
224,황주원,여성,25,울산,2025-09-05
225,황준아,여성,41,대구,2024-09-19
226,정성린,여성,34,성남,2025-02-27
227,황하민,여성,41,서울,2025-01-19
228,전하수,남성,33,성남,2025-07-11
229,안서영,여성,29,고양,2024-01-12
230,박채빈,남성,18,서울,2025-04-12
231,서주원,남성,24,고양,2025-09-11
232,홍채현,남성,35,창원,2024-01-04
233,한태경,남성,49,서울,2024-12-31
234,이하우,남성,53,서울,2025-09-12
235,조준석,남성,31,창원,2026-05-25
236,오영아,여성,21,용인,2026-05-12
237,서영연,여성,63,인천,2024-03-27
238,황영수,남성,58,수원,2025-12-10
239,박성원,남성,59,인천,2026-05-22
240,강지수,여성,27,수원,2025-07-01
241,안민경,남성,44,대구,2026-02-27
242,김지수,남성,29,고양,2025-06-28
243,박민진,여성,48,인천,2024-01-01
244,송수우,남성,41,수원,2026-04-21
245,한다진,여성,31,서울,2025-11-18
246,김영희,남성,43,서울,2025-02-01
247,홍현진,여성,33,울산,2025-09-04
248,안태빈,여성,35,서울,2025-09-22
249,황태준,남성,49,광주,2025-03-18
250,김민우,남성,20,울산,2024-02-26
251,전지민,남성,33,수원,2025-08-25
252,임은호,여성,59,서울,2025-06-06
253,강재준,여성,56,서울,2024-10-29
254,한예미,남성,55,부산,2026-04-01
255,한은빈,여성,41,울산,2024-12-13
256,박수수,여성,32,서울,2025-05-05
257,송수아,남성,31,성남,2024-10-01
258,이영아,여성,34,성남,2025-05-06
259,오재우,남성,44,서울,2026-01-05
260,신성빈,남성,42,성남,2026-03-12
261,전영호,남성,29,대구,2024-12-27
262,박수현,여성,54,수원,2024-04-10
263,정다윤,남성,37,울산,2024-09-05
264,황은수,여성,26,서울,2024-09-03
265,이채진,남성,42,울산,2024-08-21
266,박주원,여성,42,대구,2025-02-22
267,이채호,여성,26,용인,2024-04-06
268,이영윤,남성,27,서울,2024-10-01
269,윤다린,남성,49,부산,2025-11-07
270,전다우,남성,34,서울,2025-11-15
271,김하원,여성,41,용인,2024-06-23
272,안하린,여성,40,창원,2026-03-20
273,이예경,여성,20,창원,2025-04-08
274,홍윤진,남성,22,서울,2024-01-04
275,오수수,남성,49,부산,2025-08-24
276,장성호,여성,39,서울,2025-06-19
277,조수희,여성,40,광주,2024-03-12
278,신유진,여성,37,대구,2025-05-12
279,한재수,여성,29,인천,2026-04-21
280,강하연,남성,38,용인,2026-04-08
281,임정린,여성,56,대전,2025-08-07
282,서서수,여성,18,용인,2025-02-14
283,강영희,남성,34,광주,2024-09-27
284,서정윤,여성,61,창원,2024-10-26
285,장정아,여성,38,용인,2024-11-30
286,박준아,남성,41,부산,2026-04-09
287,윤지빈,남성,18,창원,2024-08-02
288,신영우,여성,51,서울,2026-04-02
289,윤예준,남성,41,광주,2024-04-21
290,서현서,여성,46,서울,2024-06-12
291,권준미,여성,45,성남,2024-12-14
292,송영수,여성,28,창원,2024-02-14
293,서성린,남성,29,서울,2025-01-30
294,정수영,여성,20,성남,2025-09-22
295,김성윤,여성,31,고양,2024-06-25
296,장태아,남성,37,서울,2024-04-27
297,안채호,남성,42,수원,2024-06-27
298,송재호,남성,44,고양,2024-02-14
299,오수진,여성,43,서울,2024-11-13
300,권윤미,남성,32,서울,2024-05-13
301,오지서,남성,23,서울,2024-11-10
302,오지아,여성,18,대전,2026-03-27
303,임수진,남성,48,서울,2024-11-02
304,전다민,여성,57,고양,2025-04-21
305,황현민,남성,36,서울,2024-01-02
306,홍정원,남성,24,대구,2025-03-20
307,정태석,여성,45,서울,2024-04-13
308,송도수,여성,42,수원,2024-10-02
309,홍예준,남성,45,인천,2024-01-15
310,한태진,여성,32,창원,2025-05-28
311,장은호,여성,19,창원,2024-12-21
312,안도윤,남성,41,서울,2025-03-18
313,서영진,남성,52,부산,2024-03-13
314,서태석,남성,18,대전,2025-07-16
315,안재진,여성,25,인천,2025-09-28
316,서주경,남성,35,서울,2025-03-29
317,서정수,남성,40,서울,2026-05-21
318,최은우,남성,18,인천,2026-05-17
319,권유아,남성,33,울산,2024-08-15
320,최태우,남성,48,용인,2024-12-22
321,송서린,남성,19,광주,2025-11-27
322,황다원,여성,35,서울,2025-10-13
323,박서준,여성,40,부산,2025-12-18
324,안윤호,남성,45,서울,2024-07-26
325,전은호,여성,46,서울,2026-04-06
326,정하린,남성,65,수원,2025-12-11
327,전지미,남성,36,성남,2025-03-11
328,조태호,여성,26,서울,2026-02-03
329,한윤수,남성,31,수원,2025-11-18
330,홍성석,여성,23,서울,2024-07-03
331,윤하연,여성,19,부산,2024-10-16
332,최지아,남성,27,광주,2026-01-24
333,정민준,여성,45,창원,2025-08-06
334,정성우,여성,27,수원,2024-09-20
335,신주연,여성,48,인천,2024-12-14
336,오태연,여성,37,광주,2024-10-03
337,김준현,여성,41,수원,2025-03-22
338,송성현,남성,49,인천,2024-12-28
339,최준윤,남성,28,대구,2024-02-22
340,임주우,남성,26,부산,2026-04-07
341,전유진,여성,31,성남,2024-04-11
342,최태서,여성,56,창원,2025-08-12
343,강성아,여성,40,대구,2025-02-26
344,안유석,남성,38,서울,2025-06-06
345,김정원,여성,39,수원,2025-01-30
346,조정석,남성,35,서울,2025-08-26
347,송성수,남성,61,부산,2025-06-17
348,오성연,여성,33,고양,2025-09-06
349,안준윤,여성,51,서울,2024-02-14
350,최예윤,여성,41,수원,2026-03-17
351,황재서,여성,33,서울,2025-09-23
352,송지윤,여성,55,창원,2026-01-30
353,박유원,여성,43,울산,2024-01-10
354,한다현,여성,41,서울,2024-11-11
355,정주윤,여성,24,부산,2025-10-29
356,정채연,여성,24,울산,2024-08-23
357,송성준,남성,33,부산,2024-05-13
358,강영연,남성,29,고양,2025-01-08
359,전주미,남성,29,부산,2024-04-26
360,신민우,남성,30,성남,2025-01-12
361,정지영,여성,18,부산,2024-10-26
362,강주영,남성,26,부산,2024-02-17
363,황서미,여성,23,서울,2025-02-20
364,강재호,여성,28,부산,2024-05-25
365,조준린,남성,26,서울,2024-01-10
366,오주윤,여성,54,인천,2026-04-02
367,권예린,여성,20,부산,2024-08-31
368,오성미,여성,37,서울,2024-11-22
369,박주빈,여성,29,인천,2025-01-27
370,송은빈,남성,28,광주,2024-06-08
371,황재진,남성,49,서울,2024-06-24
372,조유희,남성,52,서울,2025-11-26
373,박태수,남성,18,광주,2026-03-05
374,임채빈,여성,25,서울,2024-11-27
375,서예아,남성,33,대구,2025-09-17
376,이재수,남성,31,서울,2024-03-12
377,김채현,남성,18,서울,2026-05-14
378,조수준,남성,40,용인,2024-01-26
379,장태진,남성,59,서울,2024-08-30
380,정정윤,남성,23,창원,2024-09-26
381,강윤경,여성,18,고양,2026-05-08
382,정수아,남성,35,서울,2026-01-05
383,임준수,남성,23,고양,2025-05-18
384,안정우,여성,52,고양,2024-12-30
385,서다린,여성,26,창원,2024-06-25
386,강예진,남성,27,대구,2024-06-26
387,최성준,여성,18,인천,2025-07-07
388,오하아,남성,52,성남,2025-02-08
389,안수현,여성,20,고양,2024-07-30
390,정은영,남성,36,대구,2024-11-28
391,서예린,남성,30,서울,2024-06-16
392,이서영,여성,49,고양,2026-03-08
393,윤은우,남성,40,고양,2025-03-14
394,조정진,남성,35,광주,2025-08-19
395,홍유진,남성,47,대전,2025-05-04
396,권영영,여성,28,인천,2026-01-10
397,강정진,여성,52,인천,2025-10-01
398,서하호,여성,36,서울,2025-03-03
399,서현민,여성,35,부산,2024-03-16
400,조지윤,남성,50,대전,2026-03-07
401,권현아,남성,42,부산,2024-11-23
402,강예영,여성,28,대전,2025-03-17
403,강다수,여성,30,수원,2025-12-18
404,최성영,여성,25,용인,2024-10-11
405,조민영,남성,35,용인,2025-02-28
406,윤태우,남성,44,대구,2025-07-28
407,임은희,여성,52,수원,2026-03-11
408,송수민,여성,34,서울,2024-12-27
409,송태아,여성,39,창원,2024-11-23
410,최예린,남성,35,대전,2025-05-22
411,김영수,여성,28,인천,2024-09-21
412,권현진,남성,47,창원,2025-09-27
413,정현윤,여성,37,광주,2025-07-13
414,서민진,여성,46,서울,2024-03-29
415,오윤린,남성,43,서울,2024-02-27
416,송민린,여성,48,서울,2024-09-01
417,오재민,여성,28,고양,2025-05-03
418,권하준,여성,44,울산,2025-09-01
419,임정윤,남성,40,서울,2025-07-10
420,윤민연,남성,33,부산,2026-01-17
421,오영호,남성,44,성남,2025-07-28
422,박지경,여성,32,부산,2025-11-07
423,한현경,여성,29,대구,2024-09-03
424,서하진,남성,49,고양,2024-03-15
425,전채호,남성,18,성남,2024-04-19
426,오채호,여성,32,대구,2025-05-15
427,홍지윤,남성,37,성남,2026-05-03
428,윤태린,남성,36,고양,2025-01-09
429,신준희,여성,32,성남,2026-01-02
430,오정수,여성,44,용인,2025-05-08
431,신성현,여성,42,부산,2026-05-10
432,신하우,남성,46,인천,2025-09-03
433,홍정린,여성,56,서울,2025-06-29
434,장준민,여성,33,서울,2025-10-16
435,홍재석,여성,32,서울,2024-01-07
436,황도석,여성,54,부산,2024-04-17
437,장채연,여성,28,부산,2025-05-28
438,조수우,남성,25,서울,2025-02-07
439,전현원,남성,55,인천,2024-03-15
440,강다진,남성,37,수원,2025-10-16
441,권주윤,남성,34,광주,2024-11-25
442,권은호,여성,36,용인,2025-06-11
443,윤하수,남성,47,대전,2025-12-21
444,전재호,남성,28,서울,2025-08-02
445,홍재진,여성,28,수원,2025-02-13
446,전다빈,여성,48,서울,2026-03-11
447,최윤진,남성,19,울산,2024-06-05
448,송영진,남성,41,서울,2024-07-29
449,조유희,남성,55,성남,2024-01-12
450,최태수,남성,27,수원,2026-04-28
451,박현린,여성,38,부산,2024-01-02
452,강주서,여성,36,용인,2024-07-22
453,임성수,여성,26,성남,2025-03-19
454,이준수,남성,19,울산,2025-10-27
455,최민준,남성,60,서울,2026-01-19
456,황윤희,여성,33,성남,2024-03-20
457,임채희,남성,37,서울,2025-04-25
458,송지미,여성,43,부산,2025-06-11
459,박도린,여성,22,울산,2024-09-26
460,김준아,남성,53,인천,2024-12-11
461,최도경,여성,40,인천,2025-09-30
462,홍도영,남성,25,성남,2026-01-04
463,한준준,여성,32,창원,2024-06-13
464,윤예아,여성,20,대전,2026-05-12
465,홍민빈,남성,28,창원,2024-05-15
466,윤준경,남성,45,고양,2025-09-28
467,장현석,여성,22,서울,2026-04-17
468,홍도현,여성,33,서울,2024-09-05
469,정서진,여성,36,수원,2024-03-03
470,이하준,남성,35,서울,2026-04-23
471,신주민,남성,23,부산,2025-01-07
472,송민윤,남성,44,서울,2026-01-03
473,최수준,여성,32,서울,2024-10-14
474,조주린,여성,25,인천,2024-08-11
475,서재희,여성,40,대구,2025-01-16
476,윤은미,여성,39,광주,2025-09-11
477,장하미,여성,36,수원,2024-05-19
478,안은린,여성,29,인천,2025-10-10
479,홍준진,여성,40,고양,2024-03-25
480,신수린,남성,38,서울,2025-09-14
481,임은빈,여성,18,광주,2025-10-30
482,오은진,남성,28,수원,2025-08-28
483,최서연,여성,18,인천,2024-11-15
484,한유희,여성,32,창원,2024-12-06
485,장성호,여성,39,고양,2024-05-27
486,전하원,여성,34,광주,2025-10-10
487,신서경,남성,35,서울,2026-04-03
488,이은민,여성,51,서울,2024-10-22
489,장다희,남성,18,대구,2024-12-18
490,임유연,남성,22,고양,2025-05-05
491,신다경,남성,30,성남,2025-12-19
492,전현석,남성,44,대구,2024-10-09
493,강하영,남성,39,대전,2024-05-11
494,전성희,여성,43,서울,2026-05-06
495,정태준,남성,35,부산,2024-12-26
496,최주석,여성,31,광주,2024-01-14
497,송현아,여성,40,성남,2025-02-04
498,홍지준,여성,43,대구,2026-02-19
499,최예진,여성,39,서울,2024-02-28
500,송은미,남성,23,수원,2025-02-14
501,최성진,여성,22,광주,2024-06-30
502,신지빈,여성,35,고양,2025-09-07
503,홍민린,남성,43,울산,2025-08-11
504,오서현,여성,41,서울,2024-12-25
505,박지원,남성,36,대구,2024-12-20
506,장다현,남성,36,고양,2025-07-24
507,강정호,여성,32,서울,2025-05-28
508,송준서,여성,59,울산,2024-05-17
509,신서영,여성,40,인천,2025-11-15
510,장성영,남성,40,서울,2025-05-02
511,신서연,여성,34,대구,2024-06-16
512,권서원,여성,43,인천,2025-12-24
513,황준우,여성,47,울산,2025-03-01
514,홍채우,남성,44,서울,2025-05-13
515,황지영,여성,34,부산,2024-04-10
516,황예호,여성,43,부산,2025-09-14
517,임정서,남성,32,인천,2026-02-07
518,이예우,여성,37,광주,2026-05-17
519,황다현,남성,38,고양,2025-08-24
520,서주윤,남성,33,대구,2024-06-15
521,오은준,여성,31,서울,2024-01-11
522,정채현,남성,22,창원,2025-12-21
523,권하린,남성,58,대구,2025-10-11
524,정하경,여성,46,서울,2025-09-18
525,신재서,남성,18,부산,2025-12-09
526,한재민,남성,36,성남,2024-08-25
527,최준희,여성,34,대전,2025-11-19
528,강지서,여성,21,서울,2026-02-01
529,박영빈,남성,34,서울,2024-03-11
530,이지석,여성,29,용인,2025-02-01
531,오주우,남성,20,광주,2024-12-22
532,임성수,여성,36,창원,2026-02-02
533,김은빈,남성,29,광주,2026-03-25
534,이재영,여성,44,수원,2025-10-25
535,최유수,여성,40,부산,2025-09-07
536,정수아,여성,50,창원,2025-11-28
537,권은진,여성,45,고양,2026-01-22
538,송윤서,남성,48,서울,2025-06-11
539,장은원,남성,47,인천,2026-05-13
540,오하민,여성,38,수원,2026-01-28
541,김윤희,여성,27,대구,2025-02-19
542,조도석,여성,38,수원,2025-06-04
543,조채린,여성,34,고양,2025-04-26
544,정유영,남성,33,수원,2026-05-18
545,홍서민,여성,25,대전,2025-12-27
546,강유서,남성,35,서울,2025-02-05
547,권수수,여성,40,서울,2024-02-17
548,서민아,여성,37,대전,2024-02-13
549,강현진,남성,38,창원,2025-08-21
550,황주윤,여성,42,용인,2025-07-20
551,김은우,여성,40,인천,2024-02-14
552,송하진,남성,45,서울,2025-06-02
553,전주아,여성,30,서울,2025-03-22
554,오수진,남성,18,서울,2025-07-28
555,권태서,남성,22,창원,2024-08-19
556,최성린,남성,26,서울,2024-04-04
557,윤예원,남성,27,서울,2026-03-22
558,권도영,남성,39,부산,2026-05-30
559,안민준,남성,18,부산,2026-01-14
560,최정빈,남성,44,광주,2025-12-22
561,황영연,남성,31,용인,2025-11-20
562,정은서,남성,25,부산,2024-08-25
563,황주경,여성,45,인천,2025-12-24
564,윤지희,남성,37,서울,2025-12-03
565,송지희,여성,26,서울,2025-04-11
566,송은현,여성,44,창원,2024-01-23
567,전다호,여성,25,창원,2026-03-25
568,이윤아,남성,37,창원,2026-05-13
569,강재빈,여성,27,성남,2025-10-10
570,장수원,남성,42,수원,2025-02-15
571,권은미,여성,52,고양,2025-07-14
572,한수린,남성,40,대전,2024-02-18
573,김주진,여성,34,고양,2025-03-28
574,송유연,남성,43,울산,2025-06-19
575,윤유수,여성,49,성남,2024-12-06
576,홍수수,남성,21,창원,2025-03-29
577,임성희,남성,24,대구,2025-08-19
578,권지석,여성,25,부산,2024-06-28
579,이준현,남성,43,수원,2025-08-23
580,한정빈,여성,25,부산,2024-05-01
581,정성수,남성,36,광주,2025-12-24
582,조현수,남성,41,수원,2024-11-30
583,이주빈,여성,31,수원,2026-02-11
584,정하윤,여성,30,서울,2024-02-20
585,이도윤,여성,29,서울,2024-08-27
586,이준석,남성,34,고양,2024-09-14
587,홍재민,여성,29,인천,2025-05-10
588,안지미,여성,34,고양,2024-06-21
589,최준수,남성,36,울산,2024-11-13
590,박예경,여성,38,성남,2025-07-07
591,최채석,남성,30,서울,2024-02-11
592,윤하빈,남성,24,인천,2025-04-20
593,윤준빈,남성,41,고양,2025-02-14
594,오영아,남성,27,고양,2026-05-21
595,박예린,남성,36,고양,2026-04-02
596,강성희,남성,27,인천,2025-08-21
597,최도희,남성,38,수원,2025-08-28
598,강현윤,여성,55,광주,2026-05-06
599,안다현,여성,25,서울,2024-03-31
600,정영미,남성,36,부산,2025-04-18
601,강재미,여성,39,성남,2024-01-09
602,조예석,남성,39,성남,2024-09-09
603,신도연,남성,39,수원,2025-04-21
604,박지미,여성,22,수원,2024-10-02
605,최하윤,남성,36,서울,2024-12-06
606,이지린,여성,32,대전,2026-05-07
607,박지윤,여성,31,성남,2025-07-11
608,최다진,남성,50,서울,2025-03-27
609,조유경,남성,18,인천,2026-04-19
610,황민서,여성,54,고양,2024-08-06
611,오다영,남성,28,부산,2024-10-31
612,서채민,남성,31,용인,2025-02-23
613,서다수,여성,62,부산,2026-03-08
614,전은민,남성,49,서울,2025-12-23
615,홍태영,남성,27,대구,2024-06-14
616,조민윤,여성,60,인천,2025-10-26
617,황채경,여성,30,고양,2025-08-30
618,박현진,남성,37,고양,2024-11-08
619,임예우,여성,43,울산,2026-01-28
620,장윤진,남성,37,부산,2024-01-27
621,권민민,여성,53,고양,2024-03-04
622,임지호,여성,32,서울,2026-04-04
623,윤윤린,여성,50,용인,2025-12-28
624,신정민,여성,37,광주,2024-05-13
625,송수진,여성,37,서울,2025-10-21
626,이주연,여성,32,광주,2024-03-24
627,윤영아,남성,33,울산,2025-03-10
628,송윤경,남성,47,창원,2024-05-30
629,서민석,여성,32,서울,2026-03-14
630,정예경,여성,44,부산,2024-10-14
631,강정윤,남성,36,수원,2026-02-21
632,황주경,남성,40,용인,2024-10-01
633,박다연,여성,32,서울,2024-05-06
634,송지민,여성,60,서울,2024-02-07
635,박채호,남성,26,서울,2025-04-14
636,홍유진,남성,42,용인,2025-01-23
637,정유호,여성,21,수원,2025-06-10
638,오준현,남성,34,서울,2026-03-17
639,장다영,여성,31,서울,2025-04-07
640,송정미,남성,40,용인,2025-04-08
641,홍유진,남성,48,수원,2024-02-13
642,강현수,여성,55,용인,2025-08-01
643,윤현아,남성,41,수원,2025-11-08
644,정정미,남성,60,부산,2025-05-03
645,박하준,남성,34,인천,2024-05-21
646,최현윤,여성,47,성남,2024-08-24
647,전수원,여성,18,수원,2026-04-06
648,전수준,남성,35,인천,2026-03-17
649,조성민,여성,33,고양,2024-12-23
650,강윤미,여성,43,용인,2025-07-13
651,오영영,여성,45,수원,2024-12-05
652,임민진,남성,57,울산,2024-11-01
653,임지석,남성,47,서울,2024-01-28
654,이재준,남성,18,서울,2025-10-18
655,오성민,여성,28,서울,2025-10-17
656,홍재원,여성,34,대구,2026-03-05
657,최태연,여성,41,서울,2025-10-26
658,강채석,여성,48,인천,2024-11-22
659,홍주진,남성,40,부산,2025-09-22
660,임준원,남성,20,성남,2025-01-11
661,신예연,남성,40,광주,2024-03-20
662,김정미,남성,29,서울,2024-04-29
663,서유린,여성,40,고양,2025-08-30
664,최성진,남성,26,서울,2024-10-02
665,권유미,여성,54,서울,2025-02-27
666,한수원,여성,43,부산,2024-01-28
667,권지석,남성,23,대구,2024-07-24
668,권지석,여성,25,부산,2024-07-31
669,황다미,여성,43,광주,2024-08-01
670,권유경,여성,44,서울,2024-12-17
671,홍다현,남성,33,용인,2024-06-08
672,윤서준,남성,43,서울,2024-01-27
673,조영서,여성,41,울산,2026-03-02
674,서태린,남성,47,서울,2025-05-03
675,홍수준,여성,18,성남,2025-09-20
676,장태린,여성,47,부산,2026-03-08
677,최유우,여성,32,광주,2026-05-09
678,권주아,여성,30,광주,2025-02-15
679,조준아,여성,18,서울,2024-01-04
680,권정준,남성,44,수원,2024-10-11
681,오주연,남성,18,광주,2024-03-07
682,강윤준,남성,31,부산,2024-11-30
683,송유연,여성,37,수원,2024-07-08
684,장예수,남성,45,고양,2026-01-28
685,김유경,여성,37,대전,2025-10-21
686,황재석,여성,45,수원,2024-07-27
687,박은연,남성,40,수원,2026-03-15
688,오도민,남성,51,대구,2025-03-11
689,오다호,여성,38,서울,2025-04-12
690,신수호,여성,18,창원,2026-05-16
691,임준수,여성,26,서울,2024-02-23
692,최정영,여성,36,서울,2025-10-17
693,홍채경,여성,39,부산,2025-05-13
694,서준진,여성,49,서울,2026-02-21
695,강유진,남성,41,수원,2024-09-04
696,장도서,남성,48,창원,2025-12-28
697,전윤원,남성,43,서울,2024-05-31
698,송윤호,남성,50,성남,2025-10-01
699,정지원,남성,41,인천,2024-10-03
700,이지석,여성,38,서울,2024-09-13
701,이재영,여성,45,인천,2024-01-05
702,조다빈,남성,34,서울,2024-06-07
703,전영우,남성,47,광주,2025-03-28
704,신도서,여성,29,부산,2024-12-18
705,조유아,여성,39,울산,2025-09-08
706,정지우,남성,38,서울,2025-06-17
707,박재아,여성,32,성남,2024-04-17
708,강재현,남성,33,부산,2025-06-24
709,송재우,남성,48,용인,2026-03-23
710,임유빈,남성,49,수원,2024-07-16
711,권지윤,여성,31,서울,2024-10-24
712,김성미,남성,39,인천,2024-06-09
713,권윤준,남성,21,서울,2024-01-24
714,윤성미,여성,18,인천,2025-04-17
715,오예빈,남성,33,울산,2025-10-31
716,조준희,여성,46,수원,2025-04-20
717,한은린,남성,23,서울,2025-08-12
718,강현윤,여성,26,대구,2025-05-08
719,임주서,여성,49,서울,2026-01-31
720,임수수,여성,22,용인,2024-04-16
721,홍은희,남성,18,고양,2024-08-14
722,박태린,남성,27,용인,2025-04-30
723,오수경,여성,35,용인,2024-03-06
724,조지서,여성,62,대전,2025-03-28
725,송태민,여성,49,대전,2024-06-05
726,권유수,여성,36,서울,2024-03-21
727,최민민,남성,43,용인,2025-06-29
728,정채석,여성,45,서울,2025-01-05
729,임현연,여성,36,인천,2024-12-05
730,조서원,남성,37,수원,2025-10-16
731,정민아,여성,35,광주,2024-11-11
732,신정린,여성,38,서울,2024-12-16
733,강윤민,여성,31,서울,2025-01-31
734,홍서현,남성,27,서울,2024-08-26
735,이채서,남성,36,인천,2025-11-21
736,강성진,여성,34,대전,2024-07-31
737,정다경,남성,31,인천,2024-06-22
738,황도호,남성,56,부산,2025-02-16
739,이영연,남성,37,서울,2024-01-15
740,윤도석,여성,27,광주,2025-12-24
741,서도민,여성,38,대구,2024-03-04
742,김하호,여성,18,성남,2025-06-13
743,오영석,남성,27,울산,2026-03-18
744,정은준,남성,41,용인,2024-02-29
745,송서진,여성,24,수원,2024-05-22
746,장서린,여성,29,광주,2026-04-08
747,안태민,남성,25,서울,2024-11-07
748,장주영,여성,34,창원,2025-05-04
749,송주경,남성,38,대전,2024-02-20
750,황태연,여성,38,부산,2024-09-10
751,오정석,여성,27,용인,2024-08-21
752,황재빈,남성,48,서울,2024-10-28
753,정정연,여성,33,성남,2024-06-19
754,오정린,남성,44,서울,2024-09-05
755,최도민,남성,36,서울,2024-01-29
756,홍재린,여성,39,서울,2024-09-27
757,황정미,여성,50,서울,2025-04-28
758,강민민,여성,40,서울,2025-06-17
759,안영아,여성,46,성남,2024-12-14
760,강도윤,여성,25,성남,2025-04-02
761,이태아,여성,41,서울,2026-01-01
762,장정린,여성,41,부산,2026-04-17
763,최영석,남성,34,용인,2024-07-06
764,전수아,여성,20,부산,2025-06-08
765,정정원,여성,45,서울,2025-10-12
766,전하민,남성,53,대구,2024-03-30
767,정태우,여성,66,인천,2025-10-31
768,김지연,여성,57,창원,2024-01-16
769,전다희,여성,50,부산,2024-08-03
770,서은빈,여성,40,수원,2025-01-24
771,권수아,여성,40,인천,2026-04-15
772,윤주영,남성,34,서울,2025-02-01
773,송현아,남성,43,광주,2025-01-25
774,김현영,여성,29,용인,2025-06-22
775,임은우,여성,39,용인,2025-06-16
776,홍채경,남성,18,광주,2024-06-15
777,한은우,남성,31,수원,2025-08-02
778,박유영,여성,57,부산,2026-03-30
779,송정빈,남성,23,서울,2024-02-03
780,권민윤,여성,26,대구,2026-01-11
781,장영미,남성,28,고양,2025-08-26
782,홍예경,남성,62,창원,2025-07-10
783,강유원,여성,20,용인,2025-11-23
784,권지린,여성,44,고양,2025-04-02
785,서태준,여성,37,울산,2025-03-18
786,송하수,남성,44,서울,2024-12-10
787,전태린,여성,53,서울,2024-08-31
788,오준아,남성,64,부산,2026-04-20
789,황주원,여성,42,대전,2024-12-15
790,신윤미,남성,30,창원,2024-03-27
791,홍윤연,남성,28,성남,2026-05-16
792,장지서,여성,25,창원,2024-04-06
793,강현빈,남성,46,대구,2024-12-04
794,안영진,여성,27,서울,2026-02-11
795,오정우,여성,22,용인,2024-02-19
796,전성미,남성,42,성남,2024-12-26
797,강유빈,여성,21,서울,2025-10-31
798,홍유린,남성,18,용인,2024-05-24
799,최윤민,여성,44,서울,2025-10-09
800,정준원,여성,22,창원,2026-04-21
801,박재아,여성,42,대구,2026-02-28
802,신다민,여성,28,성남,2025-11-27
803,박하호,남성,35,광주,2024-06-06
804,홍영석,남성,37,창원,2024-06-19
805,황정현,여성,27,창원,2026-01-25
806,서서빈,남성,40,서울,2026-01-10
807,신유호,남성,37,인천,2025-04-15
808,서은현,여성,61,광주,2025-01-03
809,권채린,여성,50,서울,2024-07-20
810,임하연,남성,28,부산,2025-10-10
811,홍태준,여성,40,대전,2026-02-06
812,황하수,남성,25,서울,2025-11-18
813,서채영,남성,30,서울,2024-05-09
814,안태호,여성,32,창원,2025-01-10
815,조재영,여성,33,성남,2025-04-07
816,홍준미,여성,30,대구,2025-02-22
817,윤정서,남성,46,수원,2024-09-18
818,이주영,여성,45,인천,2024-06-03
819,강은경,여성,24,수원,2025-07-01
820,이수서,여성,18,광주,2025-02-12
821,송유우,여성,18,대전,2025-11-25
822,한유희,여성,20,고양,2025-11-28
823,조유연,남성,34,창원,2025-05-28
824,정도진,여성,56,서울,2025-10-22
825,송성우,여성,22,부산,2024-02-26
826,한서린,남성,43,울산,2026-04-25
827,장은아,여성,30,대구,2024-12-21
828,김재미,여성,63,창원,2025-02-15
829,황재진,여성,60,서울,2024-03-06
830,황하진,여성,56,서울,2025-02-22
831,서수아,여성,33,서울,2026-04-22
832,윤은호,남성,44,서울,2025-05-26
833,한예민,여성,35,대구,2026-03-11
834,임영원,여성,50,성남,2025-11-07
835,서지준,남성,51,창원,2024-11-03
836,임지우,여성,34,광주,2026-02-18
837,한다우,남성,37,서울,2025-03-12
838,송지윤,여성,21,서울,2025-07-18
839,송지석,남성,39,인천,2024-09-02
840,서수원,여성,42,서울,2026-01-12
841,권영준,여성,25,서울,2025-08-26
842,최하미,여성,41,성남,2025-03-09
843,권유원,남성,34,고양,2025-08-17
844,오영민,여성,31,서울,2026-05-14
845,조주경,여성,46,고양,2025-06-22
846,황채연,여성,33,서울,2026-05-01
847,정도경,남성,31,고양,2025-12-12
848,한윤준,남성,30,창원,2024-04-14
849,김예미,여성,23,부산,2026-05-09
850,신민민,여성,49,서울,2025-06-16
851,조유현,남성,33,창원,2024-11-16
852,오주윤,여성,48,인천,2025-05-01
853,김예석,남성,32,대전,2026-04-12
854,이은아,여성,55,서울,2024-11-09
855,윤정석,여성,57,부산,2024-01-23
856,이정진,여성,47,용인,2024-02-04
857,강준원,여성,39,대전,2026-04-24
858,장주경,여성,31,서울,2024-07-17
859,이도빈,여성,38,서울,2025-08-02
860,권채진,여성,46,대구,2026-03-30
861,송민우,여성,31,고양,2024-10-22
862,황서석,여성,45,대구,2025-12-16
863,서준미,여성,22,수원,2026-03-09
864,황예수,여성,39,용인,2025-01-09
865,한수현,남성,35,부산,2024-02-18
866,송도미,여성,48,서울,2026-02-11
867,홍지빈,여성,18,서울,2025-01-24
868,조민현,남성,35,대구,2025-08-08
869,조재서,여성,33,서울,2025-09-23
870,권정현,남성,35,서울,2025-09-13
871,홍서진,남성,35,수원,2024-08-13
872,윤주호,남성,42,서울,2024-08-10
873,최서윤,여성,27,서울,2026-01-25
874,최은빈,남성,43,대구,2024-02-25
875,이지민,남성,52,서울,2024-08-18
876,황지영,남성,29,서울,2024-02-29
877,송서진,남성,50,대전,2025-03-15
878,전지미,여성,43,용인,2025-01-12
879,조재원,남성,26,서울,2024-09-02
880,강윤현,남성,32,서울,2025-03-20
881,최영연,여성,48,수원,2026-01-25
882,홍영민,여성,20,인천,2025-09-21
883,한재빈,여성,41,광주,2025-04-18
884,윤도희,남성,34,용인,2026-01-01
885,임서연,여성,46,용인,2025-06-11
886,장채린,남성,39,창원,2024-03-26
887,오유희,여성,41,서울,2025-01-14
888,강예진,남성,21,울산,2026-05-20
889,강다경,남성,28,울산,2026-02-27
890,정정진,여성,26,대전,2025-11-16
891,신다윤,여성,31,인천,2025-11-29
892,오은희,여성,36,수원,2024-08-16
893,홍태린,여성,42,성남,2025-08-06
894,이현진,여성,25,인천,2026-03-09
895,이도석,여성,47,서울,2024-09-22
896,장유미,여성,29,고양,2025-06-17
897,황채희,여성,44,용인,2025-03-16
898,한도연,남성,18,창원,2026-01-25
899,이다미,남성,52,고양,2025-07-31
900,강태호,여성,23,서울,2025-03-11
901,서수진,여성,41,성남,2025-01-31
902,신유미,남성,19,대구,2024-05-10
903,전민호,남성,28,서울,2024-09-29
904,전영연,남성,44,서울,2025-09-18
905,전서준,여성,30,수원,2024-01-01
906,김재경,남성,25,서울,2025-03-10
907,김재경,남성,37,울산,2025-08-24
908,황민수,남성,48,대구,2024-07-12
909,장민미,여성,45,수원,2025-08-21
910,신태석,남성,40,서울,2024-09-04
911,임채현,남성,22,인천,2025-12-15
912,강도미,여성,35,서울,2025-02-23
913,강도현,여성,26,대전,2025-07-08
914,최재호,남성,33,서울,2025-06-25
915,박주빈,남성,38,인천,2026-03-08
916,조다영,여성,60,서울,2025-11-30
917,황현연,남성,46,성남,2024-12-25
918,한다희,여성,46,서울,2024-05-18
919,조유현,여성,43,성남,2024-10-24
920,김현진,남성,25,서울,2024-07-23
921,오주미,여성,47,서울,2025-06-17
922,장성아,남성,53,인천,2024-02-09
923,김다진,남성,35,부산,2025-09-26
924,장유희,여성,27,광주,2025-11-15
925,홍하현,여성,25,대구,2026-04-30
926,권영연,남성,30,대전,2024-09-18
927,홍은경,남성,34,창원,2024-08-01
928,이예린,남성,43,광주,2024-02-26
929,송영진,남성,32,부산,2025-07-20
930,장채서,여성,41,울산,2024-04-10
931,한유미,여성,59,용인,2025-02-02
932,박정진,여성,27,고양,2024-02-01
933,김다준,여성,30,울산,2024-02-28
934,박채경,남성,43,고양,2025-12-01
935,신태희,남성,31,용인,2025-06-03
936,임예석,여성,28,서울,2024-08-22
937,오영연,남성,52,광주,2026-05-21
938,강민원,여성,43,서울,2026-04-30
939,황지민,남성,47,서울,2025-11-06
940,박예서,여성,36,서울,2024-05-13
941,이하호,남성,28,대전,2024-06-10
942,서영수,여성,43,대전,2024-02-17
943,박은린,남성,37,인천,2024-06-14
944,임다빈,남성,28,고양,2024-09-12
945,신다진,남성,37,부산,2025-05-24
946,김지연,남성,38,창원,2025-10-01
947,최영아,여성,18,울산,2024-02-28
948,조준진,남성,48,용인,2025-01-23
949,안윤호,여성,24,부산,2024-02-23
950,박은윤,남성,33,울산,2024-12-24
951,임은석,남성,27,대전,2024-04-01
952,이채서,남성,57,울산,2024-01-21
953,강하원,여성,44,서울,2024-12-03
954,이지연,남성,18,성남,2025-02-14
955,송태아,여성,30,서울,2024-08-03
956,장서영,여성,46,수원,2026-05-28
957,오태영,남성,29,창원,2024-05-08
958,권서현,여성,50,대구,2025-05-02
959,서태아,여성,44,광주,2025-04-04
960,박민원,남성,26,광주,2025-01-17
961,송유윤,여성,49,광주,2026-04-04
962,김다윤,남성,18,광주,2025-11-02
963,정다미,여성,18,서울,2024-08-18
964,이도미,여성,18,대구,2025-11-11
965,정유현,여성,33,인천,2026-02-07
966,윤정석,남성,40,창원,2024-12-24
967,전유석,남성,51,서울,2025-07-04
968,송예영,남성,18,인천,2024-05-28
969,김주린,여성,38,인천,2024-04-03
970,오준호,여성,35,대구,2025-12-30
971,홍정수,남성,35,부산,2026-01-20
972,송예빈,남성,35,인천,2024-09-20
973,오정미,여성,59,창원,2025-12-09
974,이현준,여성,37,대구,2025-10-15
975,최채희,남성,40,인천,2024-10-15
976,한현수,여성,29,부산,2025-12-12
977,이현영,남성,37,성남,2024-12-26
978,윤정민,여성,46,창원,2024-07-16
979,장태준,여성,38,인천,2025-12-16
980,서다윤,남성,43,광주,2025-07-17
981,오준아,남성,69,수원,2025-12-04
982,송다빈,여성,45,서울,2025-04-13
983,전은석,여성,29,창원,2025-05-13
984,정은진,남성,20,부산,2024-11-02
985,강지준,여성,33,서울,2025-03-07
986,조준서,남성,64,광주,2024-02-29
987,정예연,여성,31,인천,2025-09-03
988,이다미,여성,41,용인,2025-10-25
989,오도수,여성,43,수원,2025-08-07
990,한수민,여성,28,서울,2025-01-13
991,서수호,남성,40,성남,2026-03-09
992,최예우,남성,43,광주,2024-09-13
993,홍채경,남성,45,창원,2024-12-26
994,권정린,여성,41,서울,2026-02-24
995,황서서,여성,24,대전,2024-09-13
996,임지빈,남성,48,서울,2024-04-17
997,송정빈,여성,28,부산,2024-06-19
998,윤영희,여성,54,성남,2025-08-16
999,임유미,남성,42,용인,2025-04-20
1000,송도현,남성,41,서울,2025-03-26
1001,정성윤,여성,34,서울,2026-02-16
1002,서민호,여성,44,서울,2024-12-02
1003,박민수,여성,18,서울,2025-02-17
1004,서은윤,남성,35,부산,2025-02-12
1005,황하아,여성,18,서울,2025-05-29
1006,한수수,남성,63,수원,2024-02-06
1007,오수빈,여성,34,서울,2024-12-19
1008,송주경,여성,45,서울,2025-09-30
1009,김다준,남성,43,부산,2025-03-22
1010,한민윤,여성,49,대구,2026-04-22
1011,조하진,남성,44,서울,2025-01-22
1012,최윤연,여성,40,수원,2025-09-13
1013,장준준,남성,48,부산,2026-01-11
1014,권은호,여성,37,수원,2024-11-11
1015,장영경,남성,24,성남,2025-11-16
1016,임다빈,여성,53,창원,2025-05-06
1017,송준원,남성,26,고양,2025-07-09
1018,황도윤,남성,41,대전,2024-10-18
1019,윤민석,여성,40,인천,2024-06-18
1020,서서경,남성,39,부산,2026-04-17
1021,권지민,남성,50,서울,2024-04-20
1022,오은연,여성,42,용인,2024-01-16
1023,윤영진,남성,21,서울,2024-11-08
1024,권다빈,여성,36,부산,2026-02-21
1025,조서석,남성,40,부산,2024-11-04
1026,박주민,남성,38,창원,2026-01-27
1027,박재호,여성,34,서울,2026-01-12
1028,김수진,남성,45,창원,2024-05-12
1029,송성진,여성,42,서울,2024-12-12
1030,최수수,남성,43,인천,2025-04-07
1031,최예진,여성,39,울산,2024-07-02
1032,안다미,남성,38,서울,2026-05-20
1033,한정서,여성,37,대구,2025-02-18
1034,최예서,여성,46,부산,2024-10-24
1035,송채진,남성,27,성남,2024-11-17
1036,권태민,여성,41,서울,2024-05-05
1037,이다영,남성,46,대전,2024-03-21
1038,황다우,여성,39,대구,2024-07-17
1039,홍영영,여성,21,서울,2026-01-26
1040,전채윤,여성,43,성남,2026-05-05
1041,홍은원,여성,37,울산,2026-03-29
1042,서하영,여성,44,인천,2024-01-23
1043,전은석,남성,32,서울,2025-10-07
1044,정현민,남성,32,부산,2024-11-09
1045,이채영,여성,36,광주,2024-06-11
1046,임다연,남성,35,고양,2024-09-05
1047,김하원,여성,35,용인,2026-04-29
1048,권현아,남성,40,서울,2025-07-08
1049,한서진,남성,30,대전,2025-02-03
1050,서은진,남성,42,울산,2025-10-18
1051,이다경,여성,55,광주,2026-04-05
1052,이채윤,남성,38,울산,2025-12-13
1053,김준호,남성,36,부산,2026-04-11
1054,강다희,여성,32,고양,2025-03-19
1055,홍서호,남성,48,대구,2024-04-02
1056,신서윤,여성,44,인천,2024-01-29
1057,최정서,여성,59,용인,2026-01-03
1058,황윤윤,남성,36,창원,2024-05-06
1059,이지우,남성,51,창원,2024-12-28
1060,윤민영,남성,24,인천,2026-03-26
1061,박준윤,여성,18,수원,2025-10-24
1062,임태진,남성,28,부산,2024-12-23
1063,조현아,여성,38,울산,2024-08-14
1064,강준진,남성,29,광주,2025-06-10
1065,김재우,여성,25,서울,2026-04-04
1066,황현원,여성,39,서울,2026-02-25
1067,한태원,여성,35,서울,2024-01-13
1068,오윤아,여성,32,서울,2025-12-12
1069,홍서윤,여성,34,고양,2024-12-29
1070,최성민,여성,27,수원,2024-11-04
1071,장수린,여성,23,대전,2025-11-12
1072,오주희,여성,32,서울,2024-07-12
1073,박하미,남성,36,서울,2024-05-21
1074,정채우,여성,40,서울,2026-02-01
1075,임주아,여성,44,대구,2025-12-05
1076,최유호,남성,34,광주,2025-06-24
1077,송지연,여성,36,용인,2025-10-10
1078,조영호,여성,27,용인,2025-05-29
1079,조태빈,여성,26,서울,2024-03-05
1080,송준준,남성,31,인천,2024-06-18
1081,한서영,남성,31,창원,2024-02-28
1082,권예준,남성,30,수원,2025-12-10
1083,한정진,여성,22,광주,2025-08-15
1084,임준우,여성,56,서울,2024-02-01
1085,박정미,여성,44,대전,2025-07-31
1086,송도준,남성,49,고양,2025-05-11
1087,강하준,남성,30,창원,2024-06-15
1088,홍유원,남성,48,서울,2024-09-18
1089,전다미,여성,39,서울,2024-05-06
1090,한다서,남성,42,대전,2024-01-08
1091,정수호,여성,25,창원,2025-10-25
1092,김다서,남성,27,서울,2025-04-15
1093,조채진,남성,18,서울,2025-10-28
1094,신정진,남성,64,서울,2024-03-04
1095,오도현,남성,18,부산,2026-04-26
1096,임지원,남성,51,수원,2026-05-05
1097,홍하영,여성,49,광주,2024-03-05
1098,안주미,여성,29,서울,2025-05-02
1099,임정윤,여성,48,서울,2026-04-18
1100,오재미,남성,37,인천,2026-02-11
1101,장주우,남성,48,인천,2024-12-06
1102,강태석,남성,23,대전,2024-10-03
1103,송다진,여성,42,수원,2025-10-30
1104,최서민,여성,41,울산,2024-02-09
1105,윤채민,여성,18,인천,2024-03-17
1106,전은연,여성,25,인천,2024-05-17
1107,최준진,여성,50,서울,2025-08-27
1108,김태현,여성,36,성남,2024-10-02
1109,조서우,여성,20,서울,2024-10-15
1110,홍지희,남성,49,서울,2026-01-11
1111,오서미,남성,51,대구,2024-08-10
1112,김정준,남성,37,울산,2024-10-18
1113,송현린,남성,45,대전,2025-08-19
1114,송영서,여성,40,서울,2026-03-06
1115,조정미,남성,34,인천,2025-10-17
1116,정유호,여성,38,광주,2025-10-17
1117,송수영,여성,43,대구,2026-03-19
1118,홍재준,남성,27,고양,2024-03-29
1119,안민수,여성,42,수원,2024-01-23
1120,조은연,남성,40,서울,2024-11-10
1121,정민진,남성,32,울산,2025-09-17
1122,장도민,남성,22,대구,2025-01-25
1123,전민빈,남성,19,대구,2024-10-14
1124,오주희,남성,34,용인,2025-11-10
1125,황재린,여성,18,서울,2024-08-22
1126,박다준,여성,42,창원,2026-03-05
1127,임예아,남성,33,서울,2024-04-24
1128,안윤희,남성,31,서울,2026-04-15
1129,임주경,남성,44,서울,2025-01-22
1130,박서민,여성,38,대구,2026-04-22
1131,윤재석,남성,38,광주,2024-04-28
1132,전성서,남성,49,인천,2025-10-26
1133,조지연,남성,58,대구,2025-09-11
1134,권현원,여성,41,서울,2025-08-24
1135,윤성호,남성,25,서울,2025-01-22
1136,송성윤,남성,29,창원,2024-01-07
1137,오민우,여성,28,부산,2024-03-17
1138,박은린,남성,26,서울,2024-03-27
1139,황현현,남성,53,대전,2025-12-06
1140,김성현,여성,52,대구,2025-10-25
1141,김은서,여성,28,대구,2024-05-06
1142,윤성경,여성,18,인천,2025-10-10
1143,송민희,여성,37,부산,2025-11-15
1144,한예준,여성,34,용인,2026-05-27
1145,최도석,여성,46,수원,2025-09-25
1146,박재수,여성,41,서울,2024-07-21
1147,안지서,여성,42,서울,2024-03-21
1148,이성서,남성,38,대구,2024-08-11
1149,홍지진,남성,64,서울,2024-02-02
1150,송주민,여성,59,부산,2024-10-06
1151,서태진,남성,52,수원,2025-02-25
1152,강지수,여성,25,대구,2025-04-23
1153,윤예준,여성,18,서울,2024-03-12
1154,최정아,남성,43,고양,2024-07-16
1155,박하민,남성,35,서울,2026-01-11
1156,황예원,남성,19,수원,2025-11-02
1157,신채민,남성,46,고양,2025-09-06
1158,오윤서,여성,44,서울,2026-03-29
1159,한도원,남성,38,부산,2026-03-02
1160,김다아,남성,41,서울,2024-01-24
1161,박수영,남성,42,광주,2025-06-13
1162,임예린,남성,47,서울,2024-06-07
1163,서준서,남성,30,서울,2025-07-02
1164,박서석,남성,65,서울,2026-02-13
1165,조서진,남성,29,서울,2025-12-02
1166,신예호,남성,40,성남,2024-04-22
1167,홍예아,여성,44,서울,2025-01-25
1168,오성경,남성,44,부산,2025-10-11
1169,전예희,남성,33,서울,2026-01-28
1170,조지아,남성,48,대전,2025-01-22
1171,김채현,여성,29,고양,2024-12-05
1172,한은우,여성,36,서울,2026-04-14
1173,박다서,남성,35,대전,2024-08-14
1174,서주빈,남성,28,서울,2024-01-22
1175,김지희,남성,22,서울,2025-10-19
1176,장서아,남성,37,고양,2025-09-25
1177,오하빈,남성,21,창원,2025-10-06
1178,정수진,여성,47,인천,2024-08-06
1179,윤현석,남성,23,용인,2024-06-19
1180,신정린,남성,43,인천,2025-11-29
1181,최하경,남성,28,대구,2025-11-20
1182,윤준아,여성,36,대구,2024-12-04
1183,김성영,여성,30,인천,2024-03-05
1184,서태연,여성,23,수원,2026-01-07
1185,정지호,남성,39,부산,2024-04-22
1186,한성린,여성,32,서울,2025-10-02
1187,정예진,남성,35,서울,2026-05-12
1188,한준경,남성,51,서울,2024-08-16
1189,전예원,남성,31,서울,2024-08-04
1190,서수민,남성,44,서울,2026-01-12
1191,권영준,남성,31,창원,2025-10-13
1192,최윤준,여성,18,창원,2025-05-15
1193,강은빈,남성,30,수원,2024-05-26
1194,홍수경,남성,34,울산,2024-07-28
1195,김준미,여성,28,창원,2025-08-02
1196,송은경,남성,43,창원,2024-11-19
1197,전민석,남성,54,인천,2025-08-07
1198,황은윤,남성,48,서울,2024-04-05
1199,오민린,여성,47,서울,2026-03-09
1200,박지연,여성,18,용인,2026-04-19
